{
    "name": "spaceship",
    "spriteSheetImage": "spaceship.png",
    "spriteWidth": 128,
    "spriteHeight": 128,
    "leftBuffer": 0,
    "rightBuffer": 0,
    "topBuffer": 0,
    "bottomBuffer": 0,
    "columns": 6,
    "rows": 6,
    "animations": [
        {
            "name": "idle",
            "repeat": true,
            "frames": [
              { "index": 0, "duration": 10 },
              { "index": 1, "duration": 10 },
              { "index": 2, "duration": 10 },
              { "index": 3, "duration": 10 },
              { "index": 4, "duration": 10 },
              { "index": 5, "duration": 10 }
            ]
        },

        {
            "name": "boost",
            "repeat": true,
            "frames": [
              { "index": 6, "duration": 5 },
              { "index": 7, "duration": 5 },
              { "index": 8, "duration": 5 },
              { "index": 9, "duration": 5 },
              { "index": 10, "duration": 5 },
              { "index": 11, "duration": 5 }
            ]
        },

        {
            "name": "firing",
            "repeat": false, "next": "idle",
            "frames": [
              { "index": 12, "duration": 5 },
              { "index": 13, "duration": 5 },
              { "index": 14, "duration": 5 },
              { "index": 15, "duration": 5 },
              { "index": 16, "duration": 5 },
              { "index": 17, "duration": 5 }
            ]
        },

        {
            "name": "taking damage",
            "repeat": false, "next": "idle",
            "frames": [
              { "index": 18, "duration": 10 },
              { "index": 19, "duration": 10 },
              { "index": 20, "duration": 10 },
              { "index": 21, "duration": 10 },
              { "index": 22, "duration": 10 },
              { "index": 23, "duration": 10 }
            ]
        },

        {
            "name": "dying",
            "repeat": false,
            "frames": [
              { "index": 24, "duration": 10 },
              { "index": 25, "duration": 10 },
              { "index": 26, "duration": 10 },
              { "index": 27, "duration": 10 },
              { "index": 28, "duration": 10 },
              { "index": 29, "duration": 10 }
            ]
        },

        {
            "name": "dead",
            "repeat": false,
            "frames": [
              { "index": 30, "duration": 10 },
              { "index": 31, "duration": 10 },
              { "index": 32, "duration": 10 },
              { "index": 33, "duration": 10 },
              { "index": 34, "duration": 10 },
              { "index": 35, "duration": 10 }
            ]
        }


    ]
}